{
"Profiles": [
{
  "Badge Text" : "あなたは一人で生きるにはあまりにも孤独です！",
  "Working Directory" : "",
  "Prompt Before Closing 2" : false,
  "Selected Text Color" : {
    "Green Component" : 0.92142927646636963,
    "Blue Component" : 0.93115901947021484,
    "Red Component" : 0.90730977058410645
  },
  "Rows" : 50,
  "Ansi 11 Color" : {
    "Green Component" : 0.88262283802032471,
    "Blue Component" : 0.42511638998985291,
    "Red Component" : 0.99765938520431519
  },
  "Use Italic Font" : true,
  "Foreground Color" : {
    "Green Component" : 0.92142927646636963,
    "Blue Component" : 0.93115901947021484,
    "Red Component" : 0.90730977058410645
  },
  "Use Custom Window Title" : true,
  "Right Option Key Sends" : 0,
  "Character Encoding" : 4,
  "Selection Color" : {
    "Green Component" : 0.41462835669517517,
    "Blue Component" : 0.47096589207649231,
    "Red Component" : 0.30659490823745728
  },
  "Blend" : 0.64000000000000001,
  "Mouse Reporting" : true,
  "Cursor Boost" : 0,
  "Ansi 4 Color" : {
    "Green Component" : 0.7149810791015625,
    "Blue Component" : 0.99871528148651123,
    "Red Component" : 0.215079665184021
  },
  "Non-ASCII Anti Aliased" : true,
  "Sync Title" : false,
  "Badge Font" : "SFMonoNerdFontComplete-Bold",
  "Disable Window Resizing" : true,
  "Description" : "Default",
  "Close Sessions On End" : true,
  "Jobs to Ignore" : [
    "rlogin",
    "ssh",
    "slogin",
    "telnet"
  ],
  "Scrollback Lines" : 1000,
  "Flashing Bell" : false,
  "Cursor Guide Color" : {
    "Red Component" : 0.70214027166366577,
    "Color Space" : "sRGB",
    "Blue Component" : 1,
    "Alpha Component" : 0.25,
    "Green Component" : 0.92681378126144409
  },
  "BM Growl" : true,
  "Ansi 3 Color" : {
    "Green Component" : 0.81672251224517822,
    "Blue Component" : 0.19727933406829834,
    "Red Component" : 0.99627053737640381
  },
  "Icon" : 2,
  "Use Non-ASCII Font" : false,
  "Use Custom Tab Title" : true,
  "Shortcut" : "0",
  "Link Color" : {
    "Red Component" : 0,
    "Color Space" : "sRGB",
    "Blue Component" : 0.73422712087631226,
    "Alpha Component" : 1,
    "Green Component" : 0.35915297269821167
  },
  "Bold Color" : {
    "Green Component" : 0.91671288013458252,
    "Blue Component" : 0.91648769378662109,
    "Red Component" : 0.91654461622238159
  },
  "Custom Window Title" : "死ぬ時だ\n死ぬ時だ\n死ぬ時だ\n死ぬ時だ\n死ぬ時だ\n",
  "Unlimited Scrollback" : false,
  "Custom Command" : "No",
  "Keyboard Map" : {
    "0x33-0x200000-0x0" : {
      "Action" : 12,
      "Text" : "3"
    },
    "0x2f-0x200000-0x0" : {
      "Action" : 12,
      "Text" : "\/"
    },
    "0x3-0x200000-0x0" : {
      "Action" : 11,
      "Text" : "0xd"
    },
    "0x38-0x200000-0x0" : {
      "Action" : 12,
      "Text" : "8"
    },
    "0xf728-0x80000-0x0" : {
      "Action" : 10,
      "Text" : "d"
    },
    "0xf70e-0x20000-0x0" : {
      "Action" : 10,
      "Text" : "[23;2~"
    },
    "0xf701-0x220000-0x0" : {
      "Action" : 10,
      "Text" : "[1;2B"
    },
    "0x32-0x40000-0x0" : {
      "Action" : 11,
      "Text" : "0x00"
    },
    "0xf700-0x240000-0x0" : {
      "Action" : 10,
      "Text" : "[1;5A"
    },
    "0xf703-0x220000-0x0" : {
      "Action" : 10,
      "Text" : "[1;2C"
    },
    "0xf70b-0x20000-0x0" : {
      "Action" : 10,
      "Text" : "[19;2~"
    },
    "0xf702-0x240000-0x0" : {
      "Action" : 10,
      "Text" : "[1;5D"
    },
    "0xf701-0x280000" : {
      "Text" : "0x1b 0x1b 0x5b 0x42",
      "Action" : 11
    },
    "0xf701-0x260000-0x0" : {
      "Action" : 10,
      "Text" : "[1;6B"
    },
    "0xf72b-0x40000-0x0" : {
      "Action" : 10,
      "Text" : "[1;5F"
    },
    "0xf703-0x260000-0x0" : {
      "Action" : 10,
      "Text" : "[1;6C"
    },
    "0x31-0x200000-0x0" : {
      "Action" : 12,
      "Text" : "1"
    },
    "0xf702-0x280000-0x0" : {
      "Action" : 10,
      "Text" : "b"
    },
    "0x2d-0x200000-0x0" : {
      "Action" : 12,
      "Text" : "-"
    },
    "0xf709-0x20000-0x0" : {
      "Action" : 10,
      "Text" : "[17;2~"
    },
    "0xf700-0x280000" : {
      "Text" : "0x1b 0x1b 0x5b 0x41",
      "Action" : 11
    },
    "0x36-0x200000-0x0" : {
      "Action" : 12,
      "Text" : "6"
    },
    "0xf706-0x20000-0x0" : {
      "Action" : 10,
      "Text" : "[1;2R"
    },
    "0x36-0x40000-0x0" : {
      "Action" : 11,
      "Text" : "0x1e"
    },
    "0xf729-0x40000-0x0" : {
      "Action" : 10,
      "Text" : "[1;5H"
    },
    "0x2d-0x40000-0x0" : {
      "Action" : 11,
      "Text" : "0x1f"
    },
    "0xf702-0x300000-0x0" : {
      "Action" : 11,
      "Text" : "0x1"
    },
    "0x7f-0x80000-0x0" : {
      "Action" : 11,
      "Text" : "0x1b 0x7f"
    },
    "0x33-0x40000-0x0" : {
      "Action" : 11,
      "Text" : "0x1b"
    },
    "0x2b-0x200000-0x0" : {
      "Action" : 12,
      "Text" : "+"
    },
    "0x34-0x200000-0x0" : {
      "Action" : 12,
      "Text" : "4"
    },
    "0xf70d-0x20000-0x0" : {
      "Action" : 10,
      "Text" : "[21;2~"
    },
    "0xf72b-0x20000-0x0" : {
      "Action" : 10,
      "Text" : "[1;2F"
    },
    "0x39-0x200000-0x0" : {
      "Action" : 12,
      "Text" : "9"
    },
    "0xf70a-0x20000-0x0" : {
      "Action" : 10,
      "Text" : "[18;2~"
    },
    "0x37-0x40000-0x0" : {
      "Action" : 11,
      "Text" : "0x1f"
    },
    "0xf708-0x20000-0x0" : {
      "Action" : 10,
      "Text" : "[15;2~"
    },
    "0xf729-0x20000-0x0" : {
      "Action" : 10,
      "Text" : "[1;2H"
    },
    "0xf700-0x220000-0x0" : {
      "Action" : 10,
      "Text" : "[1;2A"
    },
    "0xf705-0x20000-0x0" : {
      "Action" : 10,
      "Text" : "[1;2Q"
    },
    "0xf702-0x220000-0x0" : {
      "Action" : 10,
      "Text" : "[1;2D"
    },
    "0x2e-0x200000-0x0" : {
      "Action" : 12,
      "Text" : "."
    },
    "0x32-0x200000-0x0" : {
      "Action" : 12,
      "Text" : "2"
    },
    "0xf701-0x240000-0x0" : {
      "Action" : 10,
      "Text" : "[1;5B"
    },
    "0xf700-0x260000-0x0" : {
      "Action" : 10,
      "Text" : "[1;6A"
    },
    "0x37-0x200000-0x0" : {
      "Action" : 12,
      "Text" : "7"
    },
    "0xf703-0x240000-0x0" : {
      "Action" : 10,
      "Text" : "[1;5C"
    },
    "0x34-0x40000-0x0" : {
      "Action" : 11,
      "Text" : "0x1c"
    },
    "0xf702-0x260000-0x0" : {
      "Action" : 10,
      "Text" : "[1;6D"
    },
    "0xf703-0x280000-0x0" : {
      "Action" : 10,
      "Text" : "f"
    },
    "0xf70f-0x20000-0x0" : {
      "Action" : 10,
      "Text" : "[24;2~"
    },
    "0x7f-0x100000-0x0" : {
      "Action" : 11,
      "Text" : "0x15"
    },
    "0xf70c-0x20000-0x0" : {
      "Action" : 10,
      "Text" : "[20;2~"
    },
    "0xf703-0x300000-0x0" : {
      "Action" : 11,
      "Text" : "0x5"
    },
    "0x30-0x200000-0x0" : {
      "Action" : 12,
      "Text" : "0"
    },
    "0x38-0x40000-0x0" : {
      "Action" : 11,
      "Text" : "0x7f"
    },
    "0x35-0x200000-0x0" : {
      "Action" : 12,
      "Text" : "5"
    },
    "0xf739-0x0-0x0" : {
      "Action" : 13,
      "Text" : ""
    },
    "0xf707-0x20000-0x0" : {
      "Action" : 10,
      "Text" : "[1;2S"
    },
    "0xf704-0x20000-0x0" : {
      "Action" : 10,
      "Text" : "[1;2P"
    },
    "0x35-0x40000-0x0" : {
      "Action" : 11,
      "Text" : "0x1d"
    },
    "0xf728-0x0-0x0" : {
      "Action" : 11,
      "Text" : "0x4"
    },
    "0x2a-0x200000-0x0" : {
      "Action" : 12,
      "Text" : "*"
    }
  },
  "Ansi 14 Color" : {
    "Green Component" : 1,
    "Blue Component" : 0.90182536840438843,
    "Red Component" : 0.60292786359786987
  },
  "Ansi 2 Color" : {
    "Green Component" : 0.94388872385025024,
    "Blue Component" : 0.62042194604873657,
    "Red Component" : 0.36202818155288696
  },
  "Send Code When Idle" : false,
  "ASCII Anti Aliased" : true,
  "Tags" : [
    "default",
    "main",
    "uwu",
    "uwussimo"
  ],
  "Ansi 9 Color" : {
    "Green Component" : 0.45310419797897339,
    "Blue Component" : 0.42818409204483032,